<?xml version="1.0" encoding="UTF-8"?>
<rss version="2.0" xmlns:ror="http://rorweb.com/0.1/" >
<channel>
  <title>ROR Sitemap for https://dealna-de-v1-3-3806d4fcd64f.herokuapp.com/</title>
  <link>https://dealna-de-v1-3-3806d4fcd64f.herokuapp.com/</link>

<item>
     <link>https://dealna-de-v1-3-3806d4fcd64f.herokuapp.com/</link>
     <title>E-Commerce Dealna.de </title>
     <description>Dealna.de is a modern e-commerce platform offering a seamless shopping experience with secure payments, user-friendly navigation, and a wide range of products.</description>
     <ror:updatePeriod></ror:updatePeriod>
     <ror:sortOrder>0</ror:sortOrder>
     <ror:resourceOf>sitemap</ror:resourceOf>
</item>
<item>
     <link>https://dealna-de-v1-3-3806d4fcd64f.herokuapp.com/accounts/signup/</link>
     <title>E-Commerce Dealna.de </title>
     <description>Dealna.de is a modern e-commerce platform offering a seamless shopping experience with secure payments, user-friendly navigation, and a wide range of products.</description>
     <ror:updatePeriod></ror:updatePeriod>
     <ror:sortOrder>1</ror:sortOrder>
     <ror:resourceOf>sitemap</ror:resourceOf>
</item>
<item>
     <link>https://dealna-de-v1-3-3806d4fcd64f.herokuapp.com/accounts/login/</link>
     <title>E-Commerce Dealna.de </title>
     <description>Dealna.de is a modern e-commerce platform offering a seamless shopping experience with secure payments, user-friendly navigation, and a wide range of products.</description>
     <ror:updatePeriod></ror:updatePeriod>
     <ror:sortOrder>1</ror:sortOrder>
     <ror:resourceOf>sitemap</ror:resourceOf>
</item>
<item>
     <link>https://dealna-de-v1-3-3806d4fcd64f.herokuapp.com/ec_bag/</link>
     <title>E-Commerce Dealna.de </title>
     <description>Dealna.de is a modern e-commerce platform offering a seamless shopping experience with secure payments, user-friendly navigation, and a wide range of products.</description>
     <ror:updatePeriod></ror:updatePeriod>
     <ror:sortOrder>1</ror:sortOrder>
     <ror:resourceOf>sitemap</ror:resourceOf>
</item>
<item>
     <link>https://dealna-de-v1-3-3806d4fcd64f.herokuapp.com/ec_products/?sort=price&amp;direction=asc</link>
     <title>E-Commerce Dealna.de </title>
     <description>Dealna.de is a modern e-commerce platform offering a seamless shopping experience with secure payments, user-friendly navigation, and a wide range of products.</description>
     <ror:updatePeriod></ror:updatePeriod>
     <ror:sortOrder>1</ror:sortOrder>
     <ror:resourceOf>sitemap</ror:resourceOf>
</item>
<item>
     <link>https://dealna-de-v1-3-3806d4fcd64f.herokuapp.com/ec_products/?sort=rating&amp;direction=desc</link>
     <title>E-Commerce Dealna.de </title>
     <description>Dealna.de is a modern e-commerce platform offering a seamless shopping experience with secure payments, user-friendly navigation, and a wide range of products.</description>
     <ror:updatePeriod></ror:updatePeriod>
     <ror:sortOrder>1</ror:sortOrder>
     <ror:resourceOf>sitemap</ror:resourceOf>
</item>
<item>
     <link>https://dealna-de-v1-3-3806d4fcd64f.herokuapp.com/ec_products/?sort=ec_category&amp;direction=asc</link>
     <title>E-Commerce Dealna.de </title>
     <description>Dealna.de is a modern e-commerce platform offering a seamless shopping experience with secure payments, user-friendly navigation, and a wide range of products.</description>
     <ror:updatePeriod></ror:updatePeriod>
     <ror:sortOrder>1</ror:sortOrder>
     <ror:resourceOf>sitemap</ror:resourceOf>
</item>
<item>
     <link>https://dealna-de-v1-3-3806d4fcd64f.herokuapp.com/ec_products/?sort=sku&amp;direction=asc</link>
     <title>E-Commerce Dealna.de </title>
     <description>Dealna.de is a modern e-commerce platform offering a seamless shopping experience with secure payments, user-friendly navigation, and a wide range of products.</description>
     <ror:updatePeriod></ror:updatePeriod>
     <ror:sortOrder>1</ror:sortOrder>
     <ror:resourceOf>sitemap</ror:resourceOf>
</item>
<item>
     <link>https://dealna-de-v1-3-3806d4fcd64f.herokuapp.com/ec_products/</link>
     <title>E-Commerce Dealna.de </title>
     <description>Dealna.de is a modern e-commerce platform offering a seamless shopping experience with secure payments, user-friendly navigation, and a wide range of products.</description>
     <ror:updatePeriod></ror:updatePeriod>
     <ror:sortOrder>1</ror:sortOrder>
     <ror:resourceOf>sitemap</ror:resourceOf>
</item>
<item>
     <link>https://dealna-de-v1-3-3806d4fcd64f.herokuapp.com/ec_products/?ec_category=activewear,essentials</link>
     <title>E-Commerce Dealna.de </title>
     <description>Dealna.de is a modern e-commerce platform offering a seamless shopping experience with secure payments, user-friendly navigation, and a wide range of products.</description>
     <ror:updatePeriod></ror:updatePeriod>
     <ror:sortOrder>1</ror:sortOrder>
     <ror:resourceOf>sitemap</ror:resourceOf>
</item>
<item>
     <link>https://dealna-de-v1-3-3806d4fcd64f.herokuapp.com/ec_products/?ec_category=jeans</link>
     <title>E-Commerce Dealna.de </title>
     <description>Dealna.de is a modern e-commerce platform offering a seamless shopping experience with secure payments, user-friendly navigation, and a wide range of products.</description>
     <ror:updatePeriod></ror:updatePeriod>
     <ror:sortOrder>1</ror:sortOrder>
     <ror:resourceOf>sitemap</ror:resourceOf>
</item>
<item>
     <link>https://dealna-de-v1-3-3806d4fcd64f.herokuapp.com/ec_products/?ec_category=shirts</link>
     <title>E-Commerce Dealna.de </title>
     <description>Dealna.de is a modern e-commerce platform offering a seamless shopping experience with secure payments, user-friendly navigation, and a wide range of products.</description>
     <ror:updatePeriod></ror:updatePeriod>
     <ror:sortOrder>1</ror:sortOrder>
     <ror:resourceOf>sitemap</ror:resourceOf>
</item>
<item>
     <link>https://dealna-de-v1-3-3806d4fcd64f.herokuapp.com/ec_products/?ec_category=activewear,essentials,jeans,shirts</link>
     <title>E-Commerce Dealna.de </title>
     <description>Dealna.de is a modern e-commerce platform offering a seamless shopping experience with secure payments, user-friendly navigation, and a wide range of products.</description>
     <ror:updatePeriod></ror:updatePeriod>
     <ror:sortOrder>1</ror:sortOrder>
     <ror:resourceOf>sitemap</ror:resourceOf>
</item>
<item>
     <link>https://dealna-de-v1-3-3806d4fcd64f.herokuapp.com/ec_products/?ec_category=bed_bath</link>
     <title>E-Commerce Dealna.de </title>
     <description>Dealna.de is a modern e-commerce platform offering a seamless shopping experience with secure payments, user-friendly navigation, and a wide range of products.</description>
     <ror:updatePeriod></ror:updatePeriod>
     <ror:sortOrder>1</ror:sortOrder>
     <ror:resourceOf>sitemap</ror:resourceOf>
</item>
<item>
     <link>https://dealna-de-v1-3-3806d4fcd64f.herokuapp.com/ec_products/?ec_category=kitchen_dining</link>
     <title>E-Commerce Dealna.de </title>
     <description>Dealna.de is a modern e-commerce platform offering a seamless shopping experience with secure payments, user-friendly navigation, and a wide range of products.</description>
     <ror:updatePeriod></ror:updatePeriod>
     <ror:sortOrder>1</ror:sortOrder>
     <ror:resourceOf>sitemap</ror:resourceOf>
</item>
<item>
     <link>https://dealna-de-v1-3-3806d4fcd64f.herokuapp.com/ec_products/?ec_category=bed_bath,kitchen_dining</link>
     <title>E-Commerce Dealna.de </title>
     <description>Dealna.de is a modern e-commerce platform offering a seamless shopping experience with secure payments, user-friendly navigation, and a wide range of products.</description>
     <ror:updatePeriod></ror:updatePeriod>
     <ror:sortOrder>1</ror:sortOrder>
     <ror:resourceOf>sitemap</ror:resourceOf>
</item>
<item>
     <link>https://dealna-de-v1-3-3806d4fcd64f.herokuapp.com/ec_products/?ec_category=new_arrivals</link>
     <title>E-Commerce Dealna.de </title>
     <description>Dealna.de is a modern e-commerce platform offering a seamless shopping experience with secure payments, user-friendly navigation, and a wide range of products.</description>
     <ror:updatePeriod></ror:updatePeriod>
     <ror:sortOrder>1</ror:sortOrder>
     <ror:resourceOf>sitemap</ror:resourceOf>
</item>
<item>
     <link>https://dealna-de-v1-3-3806d4fcd64f.herokuapp.com/ec_products/?ec_category=deals</link>
     <title>E-Commerce Dealna.de </title>
     <description>Dealna.de is a modern e-commerce platform offering a seamless shopping experience with secure payments, user-friendly navigation, and a wide range of products.</description>
     <ror:updatePeriod></ror:updatePeriod>
     <ror:sortOrder>1</ror:sortOrder>
     <ror:resourceOf>sitemap</ror:resourceOf>
</item>
<item>
     <link>https://dealna-de-v1-3-3806d4fcd64f.herokuapp.com/ec_products/?ec_category=clearance</link>
     <title>E-Commerce Dealna.de </title>
     <description>Dealna.de is a modern e-commerce platform offering a seamless shopping experience with secure payments, user-friendly navigation, and a wide range of products.</description>
     <ror:updatePeriod></ror:updatePeriod>
     <ror:sortOrder>1</ror:sortOrder>
     <ror:resourceOf>sitemap</ror:resourceOf>
</item>
<item>
     <link>https://dealna-de-v1-3-3806d4fcd64f.herokuapp.com/ec_products/?ec_category=new_arrivals,deals,clearance</link>
     <title>E-Commerce Dealna.de </title>
     <description>Dealna.de is a modern e-commerce platform offering a seamless shopping experience with secure payments, user-friendly navigation, and a wide range of products.</description>
     <ror:updatePeriod></ror:updatePeriod>
     <ror:sortOrder>1</ror:sortOrder>
     <ror:resourceOf>sitemap</ror:resourceOf>
</item>
<item>
     <link>https://dealna-de-v1-3-3806d4fcd64f.herokuapp.com/about/</link>
     <title>E-Commerce Dealna.de </title>
     <description>Dealna.de is a modern e-commerce platform offering a seamless shopping experience with secure payments, user-friendly navigation, and a wide range of products.</description>
     <ror:updatePeriod></ror:updatePeriod>
     <ror:sortOrder>1</ror:sortOrder>
     <ror:resourceOf>sitemap</ror:resourceOf>
</item>
<item>
     <link>https://dealna-de-v1-3-3806d4fcd64f.herokuapp.com/contact/</link>
     <title>E-Commerce Dealna.de </title>
     <description>Dealna.de is a modern e-commerce platform offering a seamless shopping experience with secure payments, user-friendly navigation, and a wide range of products.</description>
     <ror:updatePeriod></ror:updatePeriod>
     <ror:sortOrder>1</ror:sortOrder>
     <ror:resourceOf>sitemap</ror:resourceOf>
</item>
<item>
     <link>https://dealna-de-v1-3-3806d4fcd64f.herokuapp.com/accounts/password/reset/</link>
     <title>E-Commerce Dealna.de </title>
     <description>Dealna.de is a modern e-commerce platform offering a seamless shopping experience with secure payments, user-friendly navigation, and a wide range of products.</description>
     <ror:updatePeriod></ror:updatePeriod>
     <ror:sortOrder>2</ror:sortOrder>
     <ror:resourceOf>sitemap</ror:resourceOf>
</item>
<item>
     <link>https://dealna-de-v1-3-3806d4fcd64f.herokuapp.com/ec_products/ec_products/122/</link>
     <title>E-Commerce Dealna.de </title>
     <description>Dealna.de is a modern e-commerce platform offering a seamless shopping experience with secure payments, user-friendly navigation, and a wide range of products.</description>
     <ror:updatePeriod></ror:updatePeriod>
     <ror:sortOrder>2</ror:sortOrder>
     <ror:resourceOf>sitemap</ror:resourceOf>
</item>
<item>
     <link>https://dealna-de-v1-3-3806d4fcd64f.herokuapp.com/ec_products/?ec_category=essentials</link>
     <title>E-Commerce Dealna.de </title>
     <description>Dealna.de is a modern e-commerce platform offering a seamless shopping experience with secure payments, user-friendly navigation, and a wide range of products.</description>
     <ror:updatePeriod></ror:updatePeriod>
     <ror:sortOrder>2</ror:sortOrder>
     <ror:resourceOf>sitemap</ror:resourceOf>
</item>
<item>
     <link>https://dealna-de-v1-3-3806d4fcd64f.herokuapp.com/ec_products/ec_products/64/</link>
     <title>E-Commerce Dealna.de </title>
     <description>Dealna.de is a modern e-commerce platform offering a seamless shopping experience with secure payments, user-friendly navigation, and a wide range of products.</description>
     <ror:updatePeriod></ror:updatePeriod>
     <ror:sortOrder>2</ror:sortOrder>
     <ror:resourceOf>sitemap</ror:resourceOf>
</item>
<item>
     <link>https://dealna-de-v1-3-3806d4fcd64f.herokuapp.com/ec_products/ec_products/51/</link>
     <title>E-Commerce Dealna.de </title>
     <description>Dealna.de is a modern e-commerce platform offering a seamless shopping experience with secure payments, user-friendly navigation, and a wide range of products.</description>
     <ror:updatePeriod></ror:updatePeriod>
     <ror:sortOrder>2</ror:sortOrder>
     <ror:resourceOf>sitemap</ror:resourceOf>
</item>
<item>
     <link>https://dealna-de-v1-3-3806d4fcd64f.herokuapp.com/ec_products/ec_products/121/</link>
     <title>E-Commerce Dealna.de </title>
     <description>Dealna.de is a modern e-commerce platform offering a seamless shopping experience with secure payments, user-friendly navigation, and a wide range of products.</description>
     <ror:updatePeriod></ror:updatePeriod>
     <ror:sortOrder>2</ror:sortOrder>
     <ror:resourceOf>sitemap</ror:resourceOf>
</item>
<item>
     <link>https://dealna-de-v1-3-3806d4fcd64f.herokuapp.com/ec_products/?ec_category=activewear</link>
     <title>E-Commerce Dealna.de </title>
     <description>Dealna.de is a modern e-commerce platform offering a seamless shopping experience with secure payments, user-friendly navigation, and a wide range of products.</description>
     <ror:updatePeriod></ror:updatePeriod>
     <ror:sortOrder>2</ror:sortOrder>
     <ror:resourceOf>sitemap</ror:resourceOf>
</item>
<item>
     <link>https://dealna-de-v1-3-3806d4fcd64f.herokuapp.com/ec_products/ec_products/12/</link>
     <title>E-Commerce Dealna.de </title>
     <description>Dealna.de is a modern e-commerce platform offering a seamless shopping experience with secure payments, user-friendly navigation, and a wide range of products.</description>
     <ror:updatePeriod></ror:updatePeriod>
     <ror:sortOrder>2</ror:sortOrder>
     <ror:resourceOf>sitemap</ror:resourceOf>
</item>
<item>
     <link>https://dealna-de-v1-3-3806d4fcd64f.herokuapp.com/ec_products/ec_products/119/</link>
     <title>E-Commerce Dealna.de </title>
     <description>Dealna.de is a modern e-commerce platform offering a seamless shopping experience with secure payments, user-friendly navigation, and a wide range of products.</description>
     <ror:updatePeriod></ror:updatePeriod>
     <ror:sortOrder>2</ror:sortOrder>
     <ror:resourceOf>sitemap</ror:resourceOf>
</item>
<item>
     <link>https://dealna-de-v1-3-3806d4fcd64f.herokuapp.com/ec_products/ec_products/150/</link>
     <title>E-Commerce Dealna.de </title>
     <description>Dealna.de is a modern e-commerce platform offering a seamless shopping experience with secure payments, user-friendly navigation, and a wide range of products.</description>
     <ror:updatePeriod></ror:updatePeriod>
     <ror:sortOrder>2</ror:sortOrder>
     <ror:resourceOf>sitemap</ror:resourceOf>
</item>
<item>
     <link>https://dealna-de-v1-3-3806d4fcd64f.herokuapp.com/ec_products/ec_products/13/</link>
     <title>E-Commerce Dealna.de </title>
     <description>Dealna.de is a modern e-commerce platform offering a seamless shopping experience with secure payments, user-friendly navigation, and a wide range of products.</description>
     <ror:updatePeriod></ror:updatePeriod>
     <ror:sortOrder>2</ror:sortOrder>
     <ror:resourceOf>sitemap</ror:resourceOf>
</item>
<item>
     <link>https://dealna-de-v1-3-3806d4fcd64f.herokuapp.com/ec_products/ec_products/20/</link>
     <title>E-Commerce Dealna.de </title>
     <description>Dealna.de is a modern e-commerce platform offering a seamless shopping experience with secure payments, user-friendly navigation, and a wide range of products.</description>
     <ror:updatePeriod></ror:updatePeriod>
     <ror:sortOrder>2</ror:sortOrder>
     <ror:resourceOf>sitemap</ror:resourceOf>
</item>
<item>
     <link>https://dealna-de-v1-3-3806d4fcd64f.herokuapp.com/ec_products/ec_products/130/</link>
     <title>E-Commerce Dealna.de </title>
     <description>Dealna.de is a modern e-commerce platform offering a seamless shopping experience with secure payments, user-friendly navigation, and a wide range of products.</description>
     <ror:updatePeriod></ror:updatePeriod>
     <ror:sortOrder>2</ror:sortOrder>
     <ror:resourceOf>sitemap</ror:resourceOf>
</item>
<item>
     <link>https://dealna-de-v1-3-3806d4fcd64f.herokuapp.com/ec_products/ec_products/37/</link>
     <title>E-Commerce Dealna.de </title>
     <description>Dealna.de is a modern e-commerce platform offering a seamless shopping experience with secure payments, user-friendly navigation, and a wide range of products.</description>
     <ror:updatePeriod></ror:updatePeriod>
     <ror:sortOrder>2</ror:sortOrder>
     <ror:resourceOf>sitemap</ror:resourceOf>
</item>
<item>
     <link>https://dealna-de-v1-3-3806d4fcd64f.herokuapp.com/ec_products/ec_products/36/</link>
     <title>E-Commerce Dealna.de </title>
     <description>Dealna.de is a modern e-commerce platform offering a seamless shopping experience with secure payments, user-friendly navigation, and a wide range of products.</description>
     <ror:updatePeriod></ror:updatePeriod>
     <ror:sortOrder>2</ror:sortOrder>
     <ror:resourceOf>sitemap</ror:resourceOf>
</item>
<item>
     <link>https://dealna-de-v1-3-3806d4fcd64f.herokuapp.com/ec_products/ec_products/113/</link>
     <title>E-Commerce Dealna.de </title>
     <description>Dealna.de is a modern e-commerce platform offering a seamless shopping experience with secure payments, user-friendly navigation, and a wide range of products.</description>
     <ror:updatePeriod></ror:updatePeriod>
     <ror:sortOrder>2</ror:sortOrder>
     <ror:resourceOf>sitemap</ror:resourceOf>
</item>
<item>
     <link>https://dealna-de-v1-3-3806d4fcd64f.herokuapp.com/ec_products/ec_products/159/</link>
     <title>E-Commerce Dealna.de </title>
     <description>Dealna.de is a modern e-commerce platform offering a seamless shopping experience with secure payments, user-friendly navigation, and a wide range of products.</description>
     <ror:updatePeriod></ror:updatePeriod>
     <ror:sortOrder>2</ror:sortOrder>
     <ror:resourceOf>sitemap</ror:resourceOf>
</item>
<item>
     <link>https://dealna-de-v1-3-3806d4fcd64f.herokuapp.com/ec_products/ec_products/114/</link>
     <title>E-Commerce Dealna.de </title>
     <description>Dealna.de is a modern e-commerce platform offering a seamless shopping experience with secure payments, user-friendly navigation, and a wide range of products.</description>
     <ror:updatePeriod></ror:updatePeriod>
     <ror:sortOrder>2</ror:sortOrder>
     <ror:resourceOf>sitemap</ror:resourceOf>
</item>
<item>
     <link>https://dealna-de-v1-3-3806d4fcd64f.herokuapp.com/ec_products/ec_products/129/</link>
     <title>E-Commerce Dealna.de </title>
     <description>Dealna.de is a modern e-commerce platform offering a seamless shopping experience with secure payments, user-friendly navigation, and a wide range of products.</description>
     <ror:updatePeriod></ror:updatePeriod>
     <ror:sortOrder>2</ror:sortOrder>
     <ror:resourceOf>sitemap</ror:resourceOf>
</item>
<item>
     <link>https://dealna-de-v1-3-3806d4fcd64f.herokuapp.com/ec_products/ec_products/54/</link>
     <title>E-Commerce Dealna.de </title>
     <description>Dealna.de is a modern e-commerce platform offering a seamless shopping experience with secure payments, user-friendly navigation, and a wide range of products.</description>
     <ror:updatePeriod></ror:updatePeriod>
     <ror:sortOrder>2</ror:sortOrder>
     <ror:resourceOf>sitemap</ror:resourceOf>
</item>
<item>
     <link>https://dealna-de-v1-3-3806d4fcd64f.herokuapp.com/ec_products/ec_products/97/</link>
     <title>E-Commerce Dealna.de </title>
     <description>Dealna.de is a modern e-commerce platform offering a seamless shopping experience with secure payments, user-friendly navigation, and a wide range of products.</description>
     <ror:updatePeriod></ror:updatePeriod>
     <ror:sortOrder>2</ror:sortOrder>
     <ror:resourceOf>sitemap</ror:resourceOf>
</item>
<item>
     <link>https://dealna-de-v1-3-3806d4fcd64f.herokuapp.com/ec_products/ec_products/120/</link>
     <title>E-Commerce Dealna.de </title>
     <description>Dealna.de is a modern e-commerce platform offering a seamless shopping experience with secure payments, user-friendly navigation, and a wide range of products.</description>
     <ror:updatePeriod></ror:updatePeriod>
     <ror:sortOrder>2</ror:sortOrder>
     <ror:resourceOf>sitemap</ror:resourceOf>
</item>
<item>
     <link>https://dealna-de-v1-3-3806d4fcd64f.herokuapp.com/ec_products/ec_products/14/</link>
     <title>E-Commerce Dealna.de </title>
     <description>Dealna.de is a modern e-commerce platform offering a seamless shopping experience with secure payments, user-friendly navigation, and a wide range of products.</description>
     <ror:updatePeriod></ror:updatePeriod>
     <ror:sortOrder>2</ror:sortOrder>
     <ror:resourceOf>sitemap</ror:resourceOf>
</item>
<item>
     <link>https://dealna-de-v1-3-3806d4fcd64f.herokuapp.com/ec_products/ec_products/83/</link>
     <title>E-Commerce Dealna.de </title>
     <description>Dealna.de is a modern e-commerce platform offering a seamless shopping experience with secure payments, user-friendly navigation, and a wide range of products.</description>
     <ror:updatePeriod></ror:updatePeriod>
     <ror:sortOrder>2</ror:sortOrder>
     <ror:resourceOf>sitemap</ror:resourceOf>
</item>
<item>
     <link>https://dealna-de-v1-3-3806d4fcd64f.herokuapp.com/ec_products/ec_products/139/</link>
     <title>E-Commerce Dealna.de </title>
     <description>Dealna.de is a modern e-commerce platform offering a seamless shopping experience with secure payments, user-friendly navigation, and a wide range of products.</description>
     <ror:updatePeriod></ror:updatePeriod>
     <ror:sortOrder>2</ror:sortOrder>
     <ror:resourceOf>sitemap</ror:resourceOf>
</item>
<item>
     <link>https://dealna-de-v1-3-3806d4fcd64f.herokuapp.com/ec_products/ec_products/55/</link>
     <title>E-Commerce Dealna.de </title>
     <description>Dealna.de is a modern e-commerce platform offering a seamless shopping experience with secure payments, user-friendly navigation, and a wide range of products.</description>
     <ror:updatePeriod></ror:updatePeriod>
     <ror:sortOrder>2</ror:sortOrder>
     <ror:resourceOf>sitemap</ror:resourceOf>
</item>
<item>
     <link>https://dealna-de-v1-3-3806d4fcd64f.herokuapp.com/ec_products/ec_products/80/</link>
     <title>E-Commerce Dealna.de </title>
     <description>Dealna.de is a modern e-commerce platform offering a seamless shopping experience with secure payments, user-friendly navigation, and a wide range of products.</description>
     <ror:updatePeriod></ror:updatePeriod>
     <ror:sortOrder>2</ror:sortOrder>
     <ror:resourceOf>sitemap</ror:resourceOf>
</item>
<item>
     <link>https://dealna-de-v1-3-3806d4fcd64f.herokuapp.com/ec_products/ec_products/111/</link>
     <title>E-Commerce Dealna.de </title>
     <description>Dealna.de is a modern e-commerce platform offering a seamless shopping experience with secure payments, user-friendly navigation, and a wide range of products.</description>
     <ror:updatePeriod></ror:updatePeriod>
     <ror:sortOrder>2</ror:sortOrder>
     <ror:resourceOf>sitemap</ror:resourceOf>
</item>
<item>
     <link>https://dealna-de-v1-3-3806d4fcd64f.herokuapp.com/ec_products/ec_products/109/</link>
     <title>E-Commerce Dealna.de </title>
     <description>Dealna.de is a modern e-commerce platform offering a seamless shopping experience with secure payments, user-friendly navigation, and a wide range of products.</description>
     <ror:updatePeriod></ror:updatePeriod>
     <ror:sortOrder>2</ror:sortOrder>
     <ror:resourceOf>sitemap</ror:resourceOf>
</item>
<item>
     <link>https://dealna-de-v1-3-3806d4fcd64f.herokuapp.com/ec_products/ec_products/11/</link>
     <title>E-Commerce Dealna.de </title>
     <description>Dealna.de is a modern e-commerce platform offering a seamless shopping experience with secure payments, user-friendly navigation, and a wide range of products.</description>
     <ror:updatePeriod></ror:updatePeriod>
     <ror:sortOrder>2</ror:sortOrder>
     <ror:resourceOf>sitemap</ror:resourceOf>
</item>
<item>
     <link>https://dealna-de-v1-3-3806d4fcd64f.herokuapp.com/ec_products/ec_products/99/</link>
     <title>E-Commerce Dealna.de </title>
     <description>Dealna.de is a modern e-commerce platform offering a seamless shopping experience with secure payments, user-friendly navigation, and a wide range of products.</description>
     <ror:updatePeriod></ror:updatePeriod>
     <ror:sortOrder>2</ror:sortOrder>
     <ror:resourceOf>sitemap</ror:resourceOf>
</item>
<item>
     <link>https://dealna-de-v1-3-3806d4fcd64f.herokuapp.com/ec_products/ec_products/84/</link>
     <title>E-Commerce Dealna.de </title>
     <description>Dealna.de is a modern e-commerce platform offering a seamless shopping experience with secure payments, user-friendly navigation, and a wide range of products.</description>
     <ror:updatePeriod></ror:updatePeriod>
     <ror:sortOrder>2</ror:sortOrder>
     <ror:resourceOf>sitemap</ror:resourceOf>
</item>
<item>
     <link>https://dealna-de-v1-3-3806d4fcd64f.herokuapp.com/ec_products/ec_products/23/</link>
     <title>E-Commerce Dealna.de </title>
     <description>Dealna.de is a modern e-commerce platform offering a seamless shopping experience with secure payments, user-friendly navigation, and a wide range of products.</description>
     <ror:updatePeriod></ror:updatePeriod>
     <ror:sortOrder>2</ror:sortOrder>
     <ror:resourceOf>sitemap</ror:resourceOf>
</item>
<item>
     <link>https://dealna-de-v1-3-3806d4fcd64f.herokuapp.com/ec_products/ec_products/128/</link>
     <title>E-Commerce Dealna.de </title>
     <description>Dealna.de is a modern e-commerce platform offering a seamless shopping experience with secure payments, user-friendly navigation, and a wide range of products.</description>
     <ror:updatePeriod></ror:updatePeriod>
     <ror:sortOrder>2</ror:sortOrder>
     <ror:resourceOf>sitemap</ror:resourceOf>
</item>
<item>
     <link>https://dealna-de-v1-3-3806d4fcd64f.herokuapp.com/ec_products/ec_products/66/</link>
     <title>E-Commerce Dealna.de </title>
     <description>Dealna.de is a modern e-commerce platform offering a seamless shopping experience with secure payments, user-friendly navigation, and a wide range of products.</description>
     <ror:updatePeriod></ror:updatePeriod>
     <ror:sortOrder>2</ror:sortOrder>
     <ror:resourceOf>sitemap</ror:resourceOf>
</item>
<item>
     <link>https://dealna-de-v1-3-3806d4fcd64f.herokuapp.com/ec_products/ec_products/105/</link>
     <title>E-Commerce Dealna.de </title>
     <description>Dealna.de is a modern e-commerce platform offering a seamless shopping experience with secure payments, user-friendly navigation, and a wide range of products.</description>
     <ror:updatePeriod></ror:updatePeriod>
     <ror:sortOrder>2</ror:sortOrder>
     <ror:resourceOf>sitemap</ror:resourceOf>
</item>
<item>
     <link>https://dealna-de-v1-3-3806d4fcd64f.herokuapp.com/ec_products/ec_products/6/</link>
     <title>E-Commerce Dealna.de </title>
     <description>Dealna.de is a modern e-commerce platform offering a seamless shopping experience with secure payments, user-friendly navigation, and a wide range of products.</description>
     <ror:updatePeriod></ror:updatePeriod>
     <ror:sortOrder>2</ror:sortOrder>
     <ror:resourceOf>sitemap</ror:resourceOf>
</item>
<item>
     <link>https://dealna-de-v1-3-3806d4fcd64f.herokuapp.com/ec_products/ec_products/153/</link>
     <title>E-Commerce Dealna.de </title>
     <description>Dealna.de is a modern e-commerce platform offering a seamless shopping experience with secure payments, user-friendly navigation, and a wide range of products.</description>
     <ror:updatePeriod></ror:updatePeriod>
     <ror:sortOrder>2</ror:sortOrder>
     <ror:resourceOf>sitemap</ror:resourceOf>
</item>
<item>
     <link>https://dealna-de-v1-3-3806d4fcd64f.herokuapp.com/ec_products/ec_products/94/</link>
     <title>E-Commerce Dealna.de </title>
     <description>Dealna.de is a modern e-commerce platform offering a seamless shopping experience with secure payments, user-friendly navigation, and a wide range of products.</description>
     <ror:updatePeriod></ror:updatePeriod>
     <ror:sortOrder>2</ror:sortOrder>
     <ror:resourceOf>sitemap</ror:resourceOf>
</item>
<item>
     <link>https://dealna-de-v1-3-3806d4fcd64f.herokuapp.com/ec_products/ec_products/29/</link>
     <title>E-Commerce Dealna.de </title>
     <description>Dealna.de is a modern e-commerce platform offering a seamless shopping experience with secure payments, user-friendly navigation, and a wide range of products.</description>
     <ror:updatePeriod></ror:updatePeriod>
     <ror:sortOrder>2</ror:sortOrder>
     <ror:resourceOf>sitemap</ror:resourceOf>
</item>
<item>
     <link>https://dealna-de-v1-3-3806d4fcd64f.herokuapp.com/ec_products/ec_products/40/</link>
     <title>E-Commerce Dealna.de </title>
     <description>Dealna.de is a modern e-commerce platform offering a seamless shopping experience with secure payments, user-friendly navigation, and a wide range of products.</description>
     <ror:updatePeriod></ror:updatePeriod>
     <ror:sortOrder>2</ror:sortOrder>
     <ror:resourceOf>sitemap</ror:resourceOf>
</item>
<item>
     <link>https://dealna-de-v1-3-3806d4fcd64f.herokuapp.com/ec_products/ec_products/62/</link>
     <title>E-Commerce Dealna.de </title>
     <description>Dealna.de is a modern e-commerce platform offering a seamless shopping experience with secure payments, user-friendly navigation, and a wide range of products.</description>
     <ror:updatePeriod></ror:updatePeriod>
     <ror:sortOrder>2</ror:sortOrder>
     <ror:resourceOf>sitemap</ror:resourceOf>
</item>
<item>
     <link>https://dealna-de-v1-3-3806d4fcd64f.herokuapp.com/ec_products/ec_products/91/</link>
     <title>E-Commerce Dealna.de </title>
     <description>Dealna.de is a modern e-commerce platform offering a seamless shopping experience with secure payments, user-friendly navigation, and a wide range of products.</description>
     <ror:updatePeriod></ror:updatePeriod>
     <ror:sortOrder>2</ror:sortOrder>
     <ror:resourceOf>sitemap</ror:resourceOf>
</item>
<item>
     <link>https://dealna-de-v1-3-3806d4fcd64f.herokuapp.com/ec_products/ec_products/10/</link>
     <title>E-Commerce Dealna.de </title>
     <description>Dealna.de is a modern e-commerce platform offering a seamless shopping experience with secure payments, user-friendly navigation, and a wide range of products.</description>
     <ror:updatePeriod></ror:updatePeriod>
     <ror:sortOrder>2</ror:sortOrder>
     <ror:resourceOf>sitemap</ror:resourceOf>
</item>
<item>
     <link>https://dealna-de-v1-3-3806d4fcd64f.herokuapp.com/ec_products/ec_products/17/</link>
     <title>E-Commerce Dealna.de </title>
     <description>Dealna.de is a modern e-commerce platform offering a seamless shopping experience with secure payments, user-friendly navigation, and a wide range of products.</description>
     <ror:updatePeriod></ror:updatePeriod>
     <ror:sortOrder>2</ror:sortOrder>
     <ror:resourceOf>sitemap</ror:resourceOf>
</item>
<item>
     <link>https://dealna-de-v1-3-3806d4fcd64f.herokuapp.com/ec_products/ec_products/136/</link>
     <title>E-Commerce Dealna.de </title>
     <description>Dealna.de is a modern e-commerce platform offering a seamless shopping experience with secure payments, user-friendly navigation, and a wide range of products.</description>
     <ror:updatePeriod></ror:updatePeriod>
     <ror:sortOrder>2</ror:sortOrder>
     <ror:resourceOf>sitemap</ror:resourceOf>
</item>
<item>
     <link>https://dealna-de-v1-3-3806d4fcd64f.herokuapp.com/ec_products/ec_products/48/</link>
     <title>E-Commerce Dealna.de </title>
     <description>Dealna.de is a modern e-commerce platform offering a seamless shopping experience with secure payments, user-friendly navigation, and a wide range of products.</description>
     <ror:updatePeriod></ror:updatePeriod>
     <ror:sortOrder>2</ror:sortOrder>
     <ror:resourceOf>sitemap</ror:resourceOf>
</item>
<item>
     <link>https://dealna-de-v1-3-3806d4fcd64f.herokuapp.com/ec_products/ec_products/32/</link>
     <title>E-Commerce Dealna.de </title>
     <description>Dealna.de is a modern e-commerce platform offering a seamless shopping experience with secure payments, user-friendly navigation, and a wide range of products.</description>
     <ror:updatePeriod></ror:updatePeriod>
     <ror:sortOrder>2</ror:sortOrder>
     <ror:resourceOf>sitemap</ror:resourceOf>
</item>
<item>
     <link>https://dealna-de-v1-3-3806d4fcd64f.herokuapp.com/ec_products/ec_products/142/</link>
     <title>E-Commerce Dealna.de </title>
     <description>Dealna.de is a modern e-commerce platform offering a seamless shopping experience with secure payments, user-friendly navigation, and a wide range of products.</description>
     <ror:updatePeriod></ror:updatePeriod>
     <ror:sortOrder>2</ror:sortOrder>
     <ror:resourceOf>sitemap</ror:resourceOf>
</item>
<item>
     <link>https://dealna-de-v1-3-3806d4fcd64f.herokuapp.com/ec_products/ec_products/77/</link>
     <title>E-Commerce Dealna.de </title>
     <description>Dealna.de is a modern e-commerce platform offering a seamless shopping experience with secure payments, user-friendly navigation, and a wide range of products.</description>
     <ror:updatePeriod></ror:updatePeriod>
     <ror:sortOrder>2</ror:sortOrder>
     <ror:resourceOf>sitemap</ror:resourceOf>
</item>
<item>
     <link>https://dealna-de-v1-3-3806d4fcd64f.herokuapp.com/ec_products/ec_products/8/</link>
     <title>E-Commerce Dealna.de </title>
     <description>Dealna.de is a modern e-commerce platform offering a seamless shopping experience with secure payments, user-friendly navigation, and a wide range of products.</description>
     <ror:updatePeriod></ror:updatePeriod>
     <ror:sortOrder>2</ror:sortOrder>
     <ror:resourceOf>sitemap</ror:resourceOf>
</item>
<item>
     <link>https://dealna-de-v1-3-3806d4fcd64f.herokuapp.com/ec_products/ec_products/174/</link>
     <title>E-Commerce Dealna.de </title>
     <description>Dealna.de is a modern e-commerce platform offering a seamless shopping experience with secure payments, user-friendly navigation, and a wide range of products.</description>
     <ror:updatePeriod></ror:updatePeriod>
     <ror:sortOrder>2</ror:sortOrder>
     <ror:resourceOf>sitemap</ror:resourceOf>
</item>
<item>
     <link>https://dealna-de-v1-3-3806d4fcd64f.herokuapp.com/ec_products/ec_products/45/</link>
     <title>E-Commerce Dealna.de </title>
     <description>Dealna.de is a modern e-commerce platform offering a seamless shopping experience with secure payments, user-friendly navigation, and a wide range of products.</description>
     <ror:updatePeriod></ror:updatePeriod>
     <ror:sortOrder>2</ror:sortOrder>
     <ror:resourceOf>sitemap</ror:resourceOf>
</item>
<item>
     <link>https://dealna-de-v1-3-3806d4fcd64f.herokuapp.com/ec_products/ec_products/116/</link>
     <title>E-Commerce Dealna.de </title>
     <description>Dealna.de is a modern e-commerce platform offering a seamless shopping experience with secure payments, user-friendly navigation, and a wide range of products.</description>
     <ror:updatePeriod></ror:updatePeriod>
     <ror:sortOrder>2</ror:sortOrder>
     <ror:resourceOf>sitemap</ror:resourceOf>
</item>
<item>
     <link>https://dealna-de-v1-3-3806d4fcd64f.herokuapp.com/ec_products/ec_products/132/</link>
     <title>E-Commerce Dealna.de </title>
     <description>Dealna.de is a modern e-commerce platform offering a seamless shopping experience with secure payments, user-friendly navigation, and a wide range of products.</description>
     <ror:updatePeriod></ror:updatePeriod>
     <ror:sortOrder>2</ror:sortOrder>
     <ror:resourceOf>sitemap</ror:resourceOf>
</item>
<item>
     <link>https://dealna-de-v1-3-3806d4fcd64f.herokuapp.com/ec_products/ec_products/39/</link>
     <title>E-Commerce Dealna.de </title>
     <description>Dealna.de is a modern e-commerce platform offering a seamless shopping experience with secure payments, user-friendly navigation, and a wide range of products.</description>
     <ror:updatePeriod></ror:updatePeriod>
     <ror:sortOrder>2</ror:sortOrder>
     <ror:resourceOf>sitemap</ror:resourceOf>
</item>
<item>
     <link>https://dealna-de-v1-3-3806d4fcd64f.herokuapp.com/ec_products/ec_products/123/</link>
     <title>E-Commerce Dealna.de </title>
     <description>Dealna.de is a modern e-commerce platform offering a seamless shopping experience with secure payments, user-friendly navigation, and a wide range of products.</description>
     <ror:updatePeriod></ror:updatePeriod>
     <ror:sortOrder>2</ror:sortOrder>
     <ror:resourceOf>sitemap</ror:resourceOf>
</item>
<item>
     <link>https://dealna-de-v1-3-3806d4fcd64f.herokuapp.com/ec_products/ec_products/161/</link>
     <title>E-Commerce Dealna.de </title>
     <description>Dealna.de is a modern e-commerce platform offering a seamless shopping experience with secure payments, user-friendly navigation, and a wide range of products.</description>
     <ror:updatePeriod></ror:updatePeriod>
     <ror:sortOrder>2</ror:sortOrder>
     <ror:resourceOf>sitemap</ror:resourceOf>
</item>
<item>
     <link>https://dealna-de-v1-3-3806d4fcd64f.herokuapp.com/ec_products/ec_products/41/</link>
     <title>E-Commerce Dealna.de </title>
     <description>Dealna.de is a modern e-commerce platform offering a seamless shopping experience with secure payments, user-friendly navigation, and a wide range of products.</description>
     <ror:updatePeriod></ror:updatePeriod>
     <ror:sortOrder>2</ror:sortOrder>
     <ror:resourceOf>sitemap</ror:resourceOf>
</item>
<item>
     <link>https://dealna-de-v1-3-3806d4fcd64f.herokuapp.com/ec_products/ec_products/137/</link>
     <title>E-Commerce Dealna.de </title>
     <description>Dealna.de is a modern e-commerce platform offering a seamless shopping experience with secure payments, user-friendly navigation, and a wide range of products.</description>
     <ror:updatePeriod></ror:updatePeriod>
     <ror:sortOrder>2</ror:sortOrder>
     <ror:resourceOf>sitemap</ror:resourceOf>
</item>
<item>
     <link>https://dealna-de-v1-3-3806d4fcd64f.herokuapp.com/ec_products/ec_products/69/</link>
     <title>E-Commerce Dealna.de </title>
     <description>Dealna.de is a modern e-commerce platform offering a seamless shopping experience with secure payments, user-friendly navigation, and a wide range of products.</description>
     <ror:updatePeriod></ror:updatePeriod>
     <ror:sortOrder>2</ror:sortOrder>
     <ror:resourceOf>sitemap</ror:resourceOf>
</item>
<item>
     <link>https://dealna-de-v1-3-3806d4fcd64f.herokuapp.com/ec_products/ec_products/131/</link>
     <title>E-Commerce Dealna.de </title>
     <description>Dealna.de is a modern e-commerce platform offering a seamless shopping experience with secure payments, user-friendly navigation, and a wide range of products.</description>
     <ror:updatePeriod></ror:updatePeriod>
     <ror:sortOrder>2</ror:sortOrder>
     <ror:resourceOf>sitemap</ror:resourceOf>
</item>
<item>
     <link>https://dealna-de-v1-3-3806d4fcd64f.herokuapp.com/ec_products/ec_products/95/</link>
     <title>E-Commerce Dealna.de </title>
     <description>Dealna.de is a modern e-commerce platform offering a seamless shopping experience with secure payments, user-friendly navigation, and a wide range of products.</description>
     <ror:updatePeriod></ror:updatePeriod>
     <ror:sortOrder>2</ror:sortOrder>
     <ror:resourceOf>sitemap</ror:resourceOf>
</item>
<item>
     <link>https://dealna-de-v1-3-3806d4fcd64f.herokuapp.com/ec_products/ec_products/143/</link>
     <title>E-Commerce Dealna.de </title>
     <description>Dealna.de is a modern e-commerce platform offering a seamless shopping experience with secure payments, user-friendly navigation, and a wide range of products.</description>
     <ror:updatePeriod></ror:updatePeriod>
     <ror:sortOrder>2</ror:sortOrder>
     <ror:resourceOf>sitemap</ror:resourceOf>
</item>
<item>
     <link>https://dealna-de-v1-3-3806d4fcd64f.herokuapp.com/ec_products/ec_products/160/</link>
     <title>E-Commerce Dealna.de </title>
     <description>Dealna.de is a modern e-commerce platform offering a seamless shopping experience with secure payments, user-friendly navigation, and a wide range of products.</description>
     <ror:updatePeriod></ror:updatePeriod>
     <ror:sortOrder>2</ror:sortOrder>
     <ror:resourceOf>sitemap</ror:resourceOf>
</item>
<item>
     <link>https://dealna-de-v1-3-3806d4fcd64f.herokuapp.com/ec_products/ec_products/118/</link>
     <title>E-Commerce Dealna.de </title>
     <description>Dealna.de is a modern e-commerce platform offering a seamless shopping experience with secure payments, user-friendly navigation, and a wide range of products.</description>
     <ror:updatePeriod></ror:updatePeriod>
     <ror:sortOrder>2</ror:sortOrder>
     <ror:resourceOf>sitemap</ror:resourceOf>
</item>
<item>
     <link>https://dealna-de-v1-3-3806d4fcd64f.herokuapp.com/ec_products/ec_products/164/</link>
     <title>E-Commerce Dealna.de </title>
     <description>Dealna.de is a modern e-commerce platform offering a seamless shopping experience with secure payments, user-friendly navigation, and a wide range of products.</description>
     <ror:updatePeriod></ror:updatePeriod>
     <ror:sortOrder>2</ror:sortOrder>
     <ror:resourceOf>sitemap</ror:resourceOf>
</item>
<item>
     <link>https://dealna-de-v1-3-3806d4fcd64f.herokuapp.com/ec_products/ec_products/151/</link>
     <title>E-Commerce Dealna.de </title>
     <description>Dealna.de is a modern e-commerce platform offering a seamless shopping experience with secure payments, user-friendly navigation, and a wide range of products.</description>
     <ror:updatePeriod></ror:updatePeriod>
     <ror:sortOrder>2</ror:sortOrder>
     <ror:resourceOf>sitemap</ror:resourceOf>
</item>
<item>
     <link>https://dealna-de-v1-3-3806d4fcd64f.herokuapp.com/ec_products/ec_products/82/</link>
     <title>E-Commerce Dealna.de </title>
     <description>Dealna.de is a modern e-commerce platform offering a seamless shopping experience with secure payments, user-friendly navigation, and a wide range of products.</description>
     <ror:updatePeriod></ror:updatePeriod>
     <ror:sortOrder>2</ror:sortOrder>
     <ror:resourceOf>sitemap</ror:resourceOf>
</item>
<item>
     <link>https://dealna-de-v1-3-3806d4fcd64f.herokuapp.com/ec_products/ec_products/165/</link>
     <title>E-Commerce Dealna.de </title>
     <description>Dealna.de is a modern e-commerce platform offering a seamless shopping experience with secure payments, user-friendly navigation, and a wide range of products.</description>
     <ror:updatePeriod></ror:updatePeriod>
     <ror:sortOrder>2</ror:sortOrder>
     <ror:resourceOf>sitemap</ror:resourceOf>
</item>
<item>
     <link>https://dealna-de-v1-3-3806d4fcd64f.herokuapp.com/ec_products/ec_products/152/</link>
     <title>E-Commerce Dealna.de </title>
     <description>Dealna.de is a modern e-commerce platform offering a seamless shopping experience with secure payments, user-friendly navigation, and a wide range of products.</description>
     <ror:updatePeriod></ror:updatePeriod>
     <ror:sortOrder>2</ror:sortOrder>
     <ror:resourceOf>sitemap</ror:resourceOf>
</item>
<item>
     <link>https://dealna-de-v1-3-3806d4fcd64f.herokuapp.com/ec_products/ec_products/15/</link>
     <title>E-Commerce Dealna.de </title>
     <description>Dealna.de is a modern e-commerce platform offering a seamless shopping experience with secure payments, user-friendly navigation, and a wide range of products.</description>
     <ror:updatePeriod></ror:updatePeriod>
     <ror:sortOrder>2</ror:sortOrder>
     <ror:resourceOf>sitemap</ror:resourceOf>
</item>
<item>
     <link>https://dealna-de-v1-3-3806d4fcd64f.herokuapp.com/ec_products/ec_products/127/</link>
     <title>E-Commerce Dealna.de </title>
     <description>Dealna.de is a modern e-commerce platform offering a seamless shopping experience with secure payments, user-friendly navigation, and a wide range of products.</description>
     <ror:updatePeriod></ror:updatePeriod>
     <ror:sortOrder>2</ror:sortOrder>
     <ror:resourceOf>sitemap</ror:resourceOf>
</item>
<item>
     <link>https://dealna-de-v1-3-3806d4fcd64f.herokuapp.com/ec_products/ec_products/75/</link>
     <title>E-Commerce Dealna.de </title>
     <description>Dealna.de is a modern e-commerce platform offering a seamless shopping experience with secure payments, user-friendly navigation, and a wide range of products.</description>
     <ror:updatePeriod></ror:updatePeriod>
     <ror:sortOrder>2</ror:sortOrder>
     <ror:resourceOf>sitemap</ror:resourceOf>
</item>
<item>
     <link>https://dealna-de-v1-3-3806d4fcd64f.herokuapp.com/ec_products/ec_products/47/</link>
     <title>E-Commerce Dealna.de </title>
     <description>Dealna.de is a modern e-commerce platform offering a seamless shopping experience with secure payments, user-friendly navigation, and a wide range of products.</description>
     <ror:updatePeriod></ror:updatePeriod>
     <ror:sortOrder>2</ror:sortOrder>
     <ror:resourceOf>sitemap</ror:resourceOf>
</item>
<item>
     <link>https://dealna-de-v1-3-3806d4fcd64f.herokuapp.com/ec_products/ec_products/124/</link>
     <title>E-Commerce Dealna.de </title>
     <description>Dealna.de is a modern e-commerce platform offering a seamless shopping experience with secure payments, user-friendly navigation, and a wide range of products.</description>
     <ror:updatePeriod></ror:updatePeriod>
     <ror:sortOrder>2</ror:sortOrder>
     <ror:resourceOf>sitemap</ror:resourceOf>
</item>
<item>
     <link>https://dealna-de-v1-3-3806d4fcd64f.herokuapp.com/ec_products/ec_products/35/</link>
     <title>E-Commerce Dealna.de </title>
     <description>Dealna.de is a modern e-commerce platform offering a seamless shopping experience with secure payments, user-friendly navigation, and a wide range of products.</description>
     <ror:updatePeriod></ror:updatePeriod>
     <ror:sortOrder>2</ror:sortOrder>
     <ror:resourceOf>sitemap</ror:resourceOf>
</item>
<item>
     <link>https://dealna-de-v1-3-3806d4fcd64f.herokuapp.com/ec_products/ec_products/76/</link>
     <title>E-Commerce Dealna.de </title>
     <description>Dealna.de is a modern e-commerce platform offering a seamless shopping experience with secure payments, user-friendly navigation, and a wide range of products.</description>
     <ror:updatePeriod></ror:updatePeriod>
     <ror:sortOrder>2</ror:sortOrder>
     <ror:resourceOf>sitemap</ror:resourceOf>
</item>
<item>
     <link>https://dealna-de-v1-3-3806d4fcd64f.herokuapp.com/ec_products/ec_products/92/</link>
     <title>E-Commerce Dealna.de </title>
     <description>Dealna.de is a modern e-commerce platform offering a seamless shopping experience with secure payments, user-friendly navigation, and a wide range of products.</description>
     <ror:updatePeriod></ror:updatePeriod>
     <ror:sortOrder>2</ror:sortOrder>
     <ror:resourceOf>sitemap</ror:resourceOf>
</item>
<item>
     <link>https://dealna-de-v1-3-3806d4fcd64f.herokuapp.com/ec_products/ec_products/68/</link>
     <title>E-Commerce Dealna.de </title>
     <description>Dealna.de is a modern e-commerce platform offering a seamless shopping experience with secure payments, user-friendly navigation, and a wide range of products.</description>
     <ror:updatePeriod></ror:updatePeriod>
     <ror:sortOrder>2</ror:sortOrder>
     <ror:resourceOf>sitemap</ror:resourceOf>
</item>
<item>
     <link>https://dealna-de-v1-3-3806d4fcd64f.herokuapp.com/ec_products/ec_products/163/</link>
     <title>E-Commerce Dealna.de </title>
     <description>Dealna.de is a modern e-commerce platform offering a seamless shopping experience with secure payments, user-friendly navigation, and a wide range of products.</description>
     <ror:updatePeriod></ror:updatePeriod>
     <ror:sortOrder>2</ror:sortOrder>
     <ror:resourceOf>sitemap</ror:resourceOf>
</item>
<item>
     <link>https://dealna-de-v1-3-3806d4fcd64f.herokuapp.com/ec_products/ec_products/89/</link>
     <title>E-Commerce Dealna.de </title>
     <description>Dealna.de is a modern e-commerce platform offering a seamless shopping experience with secure payments, user-friendly navigation, and a wide range of products.</description>
     <ror:updatePeriod></ror:updatePeriod>
     <ror:sortOrder>2</ror:sortOrder>
     <ror:resourceOf>sitemap</ror:resourceOf>
</item>
<item>
     <link>https://dealna-de-v1-3-3806d4fcd64f.herokuapp.com/ec_products/ec_products/158/</link>
     <title>E-Commerce Dealna.de </title>
     <description>Dealna.de is a modern e-commerce platform offering a seamless shopping experience with secure payments, user-friendly navigation, and a wide range of products.</description>
     <ror:updatePeriod></ror:updatePeriod>
     <ror:sortOrder>2</ror:sortOrder>
     <ror:resourceOf>sitemap</ror:resourceOf>
</item>
<item>
     <link>https://dealna-de-v1-3-3806d4fcd64f.herokuapp.com/ec_products/ec_products/104/</link>
     <title>E-Commerce Dealna.de </title>
     <description>Dealna.de is a modern e-commerce platform offering a seamless shopping experience with secure payments, user-friendly navigation, and a wide range of products.</description>
     <ror:updatePeriod></ror:updatePeriod>
     <ror:sortOrder>2</ror:sortOrder>
     <ror:resourceOf>sitemap</ror:resourceOf>
</item>
<item>
     <link>https://dealna-de-v1-3-3806d4fcd64f.herokuapp.com/ec_products/ec_products/100/</link>
     <title>E-Commerce Dealna.de </title>
     <description>Dealna.de is a modern e-commerce platform offering a seamless shopping experience with secure payments, user-friendly navigation, and a wide range of products.</description>
     <ror:updatePeriod></ror:updatePeriod>
     <ror:sortOrder>2</ror:sortOrder>
     <ror:resourceOf>sitemap</ror:resourceOf>
</item>
<item>
     <link>https://dealna-de-v1-3-3806d4fcd64f.herokuapp.com/ec_products/ec_products/28/</link>
     <title>E-Commerce Dealna.de </title>
     <description>Dealna.de is a modern e-commerce platform offering a seamless shopping experience with secure payments, user-friendly navigation, and a wide range of products.</description>
     <ror:updatePeriod></ror:updatePeriod>
     <ror:sortOrder>2</ror:sortOrder>
     <ror:resourceOf>sitemap</ror:resourceOf>
</item>
<item>
     <link>https://dealna-de-v1-3-3806d4fcd64f.herokuapp.com/ec_products/ec_products/53/</link>
     <title>E-Commerce Dealna.de </title>
     <description>Dealna.de is a modern e-commerce platform offering a seamless shopping experience with secure payments, user-friendly navigation, and a wide range of products.</description>
     <ror:updatePeriod></ror:updatePeriod>
     <ror:sortOrder>2</ror:sortOrder>
     <ror:resourceOf>sitemap</ror:resourceOf>
</item>
<item>
     <link>https://dealna-de-v1-3-3806d4fcd64f.herokuapp.com/ec_products/ec_products/1/</link>
     <title>E-Commerce Dealna.de </title>
     <description>Dealna.de is a modern e-commerce platform offering a seamless shopping experience with secure payments, user-friendly navigation, and a wide range of products.</description>
     <ror:updatePeriod></ror:updatePeriod>
     <ror:sortOrder>2</ror:sortOrder>
     <ror:resourceOf>sitemap</ror:resourceOf>
</item>
<item>
     <link>https://dealna-de-v1-3-3806d4fcd64f.herokuapp.com/ec_products/ec_products/110/</link>
     <title>E-Commerce Dealna.de </title>
     <description>Dealna.de is a modern e-commerce platform offering a seamless shopping experience with secure payments, user-friendly navigation, and a wide range of products.</description>
     <ror:updatePeriod></ror:updatePeriod>
     <ror:sortOrder>2</ror:sortOrder>
     <ror:resourceOf>sitemap</ror:resourceOf>
</item>
<item>
     <link>https://dealna-de-v1-3-3806d4fcd64f.herokuapp.com/ec_products/ec_products/133/</link>
     <title>E-Commerce Dealna.de </title>
     <description>Dealna.de is a modern e-commerce platform offering a seamless shopping experience with secure payments, user-friendly navigation, and a wide range of products.</description>
     <ror:updatePeriod></ror:updatePeriod>
     <ror:sortOrder>2</ror:sortOrder>
     <ror:resourceOf>sitemap</ror:resourceOf>
</item>
<item>
     <link>https://dealna-de-v1-3-3806d4fcd64f.herokuapp.com/ec_products/ec_products/147/</link>
     <title>E-Commerce Dealna.de </title>
     <description>Dealna.de is a modern e-commerce platform offering a seamless shopping experience with secure payments, user-friendly navigation, and a wide range of products.</description>
     <ror:updatePeriod></ror:updatePeriod>
     <ror:sortOrder>2</ror:sortOrder>
     <ror:resourceOf>sitemap</ror:resourceOf>
</item>
<item>
     <link>https://dealna-de-v1-3-3806d4fcd64f.herokuapp.com/ec_products/ec_products/149/</link>
     <title>E-Commerce Dealna.de </title>
     <description>Dealna.de is a modern e-commerce platform offering a seamless shopping experience with secure payments, user-friendly navigation, and a wide range of products.</description>
     <ror:updatePeriod></ror:updatePeriod>
     <ror:sortOrder>2</ror:sortOrder>
     <ror:resourceOf>sitemap</ror:resourceOf>
</item>
<item>
     <link>https://dealna-de-v1-3-3806d4fcd64f.herokuapp.com/ec_products/ec_products/157/</link>
     <title>E-Commerce Dealna.de </title>
     <description>Dealna.de is a modern e-commerce platform offering a seamless shopping experience with secure payments, user-friendly navigation, and a wide range of products.</description>
     <ror:updatePeriod></ror:updatePeriod>
     <ror:sortOrder>2</ror:sortOrder>
     <ror:resourceOf>sitemap</ror:resourceOf>
</item>
<item>
     <link>https://dealna-de-v1-3-3806d4fcd64f.herokuapp.com/ec_products/ec_products/162/</link>
     <title>E-Commerce Dealna.de </title>
     <description>Dealna.de is a modern e-commerce platform offering a seamless shopping experience with secure payments, user-friendly navigation, and a wide range of products.</description>
     <ror:updatePeriod></ror:updatePeriod>
     <ror:sortOrder>2</ror:sortOrder>
     <ror:resourceOf>sitemap</ror:resourceOf>
</item>
<item>
     <link>https://dealna-de-v1-3-3806d4fcd64f.herokuapp.com/ec_products/ec_products/103/</link>
     <title>E-Commerce Dealna.de </title>
     <description>Dealna.de is a modern e-commerce platform offering a seamless shopping experience with secure payments, user-friendly navigation, and a wide range of products.</description>
     <ror:updatePeriod></ror:updatePeriod>
     <ror:sortOrder>2</ror:sortOrder>
     <ror:resourceOf>sitemap</ror:resourceOf>
</item>
<item>
     <link>https://dealna-de-v1-3-3806d4fcd64f.herokuapp.com/ec_products/ec_products/173/</link>
     <title>E-Commerce Dealna.de </title>
     <description>Dealna.de is a modern e-commerce platform offering a seamless shopping experience with secure payments, user-friendly navigation, and a wide range of products.</description>
     <ror:updatePeriod></ror:updatePeriod>
     <ror:sortOrder>2</ror:sortOrder>
     <ror:resourceOf>sitemap</ror:resourceOf>
</item>
<item>
     <link>https://dealna-de-v1-3-3806d4fcd64f.herokuapp.com/ec_products/ec_products/155/</link>
     <title>E-Commerce Dealna.de </title>
     <description>Dealna.de is a modern e-commerce platform offering a seamless shopping experience with secure payments, user-friendly navigation, and a wide range of products.</description>
     <ror:updatePeriod></ror:updatePeriod>
     <ror:sortOrder>2</ror:sortOrder>
     <ror:resourceOf>sitemap</ror:resourceOf>
</item>
<item>
     <link>https://dealna-de-v1-3-3806d4fcd64f.herokuapp.com/ec_products/ec_products/87/</link>
     <title>E-Commerce Dealna.de </title>
     <description>Dealna.de is a modern e-commerce platform offering a seamless shopping experience with secure payments, user-friendly navigation, and a wide range of products.</description>
     <ror:updatePeriod></ror:updatePeriod>
     <ror:sortOrder>2</ror:sortOrder>
     <ror:resourceOf>sitemap</ror:resourceOf>
</item>
<item>
     <link>https://dealna-de-v1-3-3806d4fcd64f.herokuapp.com/ec_products/ec_products/135/</link>
     <title>E-Commerce Dealna.de </title>
     <description>Dealna.de is a modern e-commerce platform offering a seamless shopping experience with secure payments, user-friendly navigation, and a wide range of products.</description>
     <ror:updatePeriod></ror:updatePeriod>
     <ror:sortOrder>2</ror:sortOrder>
     <ror:resourceOf>sitemap</ror:resourceOf>
</item>
<item>
     <link>https://dealna-de-v1-3-3806d4fcd64f.herokuapp.com/ec_products/ec_products/134/</link>
     <title>E-Commerce Dealna.de </title>
     <description>Dealna.de is a modern e-commerce platform offering a seamless shopping experience with secure payments, user-friendly navigation, and a wide range of products.</description>
     <ror:updatePeriod></ror:updatePeriod>
     <ror:sortOrder>2</ror:sortOrder>
     <ror:resourceOf>sitemap</ror:resourceOf>
</item>
<item>
     <link>https://dealna-de-v1-3-3806d4fcd64f.herokuapp.com/ec_products/ec_products/33/</link>
     <title>E-Commerce Dealna.de </title>
     <description>Dealna.de is a modern e-commerce platform offering a seamless shopping experience with secure payments, user-friendly navigation, and a wide range of products.</description>
     <ror:updatePeriod></ror:updatePeriod>
     <ror:sortOrder>2</ror:sortOrder>
     <ror:resourceOf>sitemap</ror:resourceOf>
</item>
<item>
     <link>https://dealna-de-v1-3-3806d4fcd64f.herokuapp.com/ec_products/ec_products/2/</link>
     <title>E-Commerce Dealna.de </title>
     <description>Dealna.de is a modern e-commerce platform offering a seamless shopping experience with secure payments, user-friendly navigation, and a wide range of products.</description>
     <ror:updatePeriod></ror:updatePeriod>
     <ror:sortOrder>2</ror:sortOrder>
     <ror:resourceOf>sitemap</ror:resourceOf>
</item>
<item>
     <link>https://dealna-de-v1-3-3806d4fcd64f.herokuapp.com/ec_products/ec_products/115/</link>
     <title>E-Commerce Dealna.de </title>
     <description>Dealna.de is a modern e-commerce platform offering a seamless shopping experience with secure payments, user-friendly navigation, and a wide range of products.</description>
     <ror:updatePeriod></ror:updatePeriod>
     <ror:sortOrder>2</ror:sortOrder>
     <ror:resourceOf>sitemap</ror:resourceOf>
</item>
<item>
     <link>https://dealna-de-v1-3-3806d4fcd64f.herokuapp.com/ec_products/ec_products/98/</link>
     <title>E-Commerce Dealna.de </title>
     <description>Dealna.de is a modern e-commerce platform offering a seamless shopping experience with secure payments, user-friendly navigation, and a wide range of products.</description>
     <ror:updatePeriod></ror:updatePeriod>
     <ror:sortOrder>2</ror:sortOrder>
     <ror:resourceOf>sitemap</ror:resourceOf>
</item>
<item>
     <link>https://dealna-de-v1-3-3806d4fcd64f.herokuapp.com/ec_products/ec_products/7/</link>
     <title>E-Commerce Dealna.de </title>
     <description>Dealna.de is a modern e-commerce platform offering a seamless shopping experience with secure payments, user-friendly navigation, and a wide range of products.</description>
     <ror:updatePeriod></ror:updatePeriod>
     <ror:sortOrder>2</ror:sortOrder>
     <ror:resourceOf>sitemap</ror:resourceOf>
</item>
<item>
     <link>https://dealna-de-v1-3-3806d4fcd64f.herokuapp.com/ec_products/ec_products/18/</link>
     <title>E-Commerce Dealna.de </title>
     <description>Dealna.de is a modern e-commerce platform offering a seamless shopping experience with secure payments, user-friendly navigation, and a wide range of products.</description>
     <ror:updatePeriod></ror:updatePeriod>
     <ror:sortOrder>2</ror:sortOrder>
     <ror:resourceOf>sitemap</ror:resourceOf>
</item>
<item>
     <link>https://dealna-de-v1-3-3806d4fcd64f.herokuapp.com/ec_products/ec_products/21/</link>
     <title>E-Commerce Dealna.de </title>
     <description>Dealna.de is a modern e-commerce platform offering a seamless shopping experience with secure payments, user-friendly navigation, and a wide range of products.</description>
     <ror:updatePeriod></ror:updatePeriod>
     <ror:sortOrder>2</ror:sortOrder>
     <ror:resourceOf>sitemap</ror:resourceOf>
</item>
<item>
     <link>https://dealna-de-v1-3-3806d4fcd64f.herokuapp.com/ec_products/ec_products/78/</link>
     <title>E-Commerce Dealna.de </title>
     <description>Dealna.de is a modern e-commerce platform offering a seamless shopping experience with secure payments, user-friendly navigation, and a wide range of products.</description>
     <ror:updatePeriod></ror:updatePeriod>
     <ror:sortOrder>2</ror:sortOrder>
     <ror:resourceOf>sitemap</ror:resourceOf>
</item>
<item>
     <link>https://dealna-de-v1-3-3806d4fcd64f.herokuapp.com/ec_products/ec_products/74/</link>
     <title>E-Commerce Dealna.de </title>
     <description>Dealna.de is a modern e-commerce platform offering a seamless shopping experience with secure payments, user-friendly navigation, and a wide range of products.</description>
     <ror:updatePeriod></ror:updatePeriod>
     <ror:sortOrder>2</ror:sortOrder>
     <ror:resourceOf>sitemap</ror:resourceOf>
</item>
<item>
     <link>https://dealna-de-v1-3-3806d4fcd64f.herokuapp.com/ec_products/ec_products/79/</link>
     <title>E-Commerce Dealna.de </title>
     <description>Dealna.de is a modern e-commerce platform offering a seamless shopping experience with secure payments, user-friendly navigation, and a wide range of products.</description>
     <ror:updatePeriod></ror:updatePeriod>
     <ror:sortOrder>2</ror:sortOrder>
     <ror:resourceOf>sitemap</ror:resourceOf>
</item>
<item>
     <link>https://dealna-de-v1-3-3806d4fcd64f.herokuapp.com/ec_products/ec_products/73/</link>
     <title>E-Commerce Dealna.de </title>
     <description>Dealna.de is a modern e-commerce platform offering a seamless shopping experience with secure payments, user-friendly navigation, and a wide range of products.</description>
     <ror:updatePeriod></ror:updatePeriod>
     <ror:sortOrder>2</ror:sortOrder>
     <ror:resourceOf>sitemap</ror:resourceOf>
</item>
<item>
     <link>https://dealna-de-v1-3-3806d4fcd64f.herokuapp.com/ec_products/ec_products/72/</link>
     <title>E-Commerce Dealna.de </title>
     <description>Dealna.de is a modern e-commerce platform offering a seamless shopping experience with secure payments, user-friendly navigation, and a wide range of products.</description>
     <ror:updatePeriod></ror:updatePeriod>
     <ror:sortOrder>2</ror:sortOrder>
     <ror:resourceOf>sitemap</ror:resourceOf>
</item>
<item>
     <link>https://dealna-de-v1-3-3806d4fcd64f.herokuapp.com/ec_products/ec_products/81/</link>
     <title>E-Commerce Dealna.de </title>
     <description>Dealna.de is a modern e-commerce platform offering a seamless shopping experience with secure payments, user-friendly navigation, and a wide range of products.</description>
     <ror:updatePeriod></ror:updatePeriod>
     <ror:sortOrder>2</ror:sortOrder>
     <ror:resourceOf>sitemap</ror:resourceOf>
</item>
<item>
     <link>https://dealna-de-v1-3-3806d4fcd64f.herokuapp.com/ec_products/ec_products/108/</link>
     <title>E-Commerce Dealna.de </title>
     <description>Dealna.de is a modern e-commerce platform offering a seamless shopping experience with secure payments, user-friendly navigation, and a wide range of products.</description>
     <ror:updatePeriod></ror:updatePeriod>
     <ror:sortOrder>2</ror:sortOrder>
     <ror:resourceOf>sitemap</ror:resourceOf>
</item>
<item>
     <link>https://dealna-de-v1-3-3806d4fcd64f.herokuapp.com/ec_products/ec_products/19/</link>
     <title>E-Commerce Dealna.de </title>
     <description>Dealna.de is a modern e-commerce platform offering a seamless shopping experience with secure payments, user-friendly navigation, and a wide range of products.</description>
     <ror:updatePeriod></ror:updatePeriod>
     <ror:sortOrder>2</ror:sortOrder>
     <ror:resourceOf>sitemap</ror:resourceOf>
</item>
<item>
     <link>https://dealna-de-v1-3-3806d4fcd64f.herokuapp.com/ec_products/ec_products/172/</link>
     <title>E-Commerce Dealna.de </title>
     <description>Dealna.de is a modern e-commerce platform offering a seamless shopping experience with secure payments, user-friendly navigation, and a wide range of products.</description>
     <ror:updatePeriod></ror:updatePeriod>
     <ror:sortOrder>2</ror:sortOrder>
     <ror:resourceOf>sitemap</ror:resourceOf>
</item>
<item>
     <link>https://dealna-de-v1-3-3806d4fcd64f.herokuapp.com/ec_products/ec_products/49/</link>
     <title>E-Commerce Dealna.de </title>
     <description>Dealna.de is a modern e-commerce platform offering a seamless shopping experience with secure payments, user-friendly navigation, and a wide range of products.</description>
     <ror:updatePeriod></ror:updatePeriod>
     <ror:sortOrder>2</ror:sortOrder>
     <ror:resourceOf>sitemap</ror:resourceOf>
</item>
<item>
     <link>https://dealna-de-v1-3-3806d4fcd64f.herokuapp.com/ec_products/ec_products/44/</link>
     <title>E-Commerce Dealna.de </title>
     <description>Dealna.de is a modern e-commerce platform offering a seamless shopping experience with secure payments, user-friendly navigation, and a wide range of products.</description>
     <ror:updatePeriod></ror:updatePeriod>
     <ror:sortOrder>2</ror:sortOrder>
     <ror:resourceOf>sitemap</ror:resourceOf>
</item>
<item>
     <link>https://dealna-de-v1-3-3806d4fcd64f.herokuapp.com/ec_products/ec_products/125/</link>
     <title>E-Commerce Dealna.de </title>
     <description>Dealna.de is a modern e-commerce platform offering a seamless shopping experience with secure payments, user-friendly navigation, and a wide range of products.</description>
     <ror:updatePeriod></ror:updatePeriod>
     <ror:sortOrder>2</ror:sortOrder>
     <ror:resourceOf>sitemap</ror:resourceOf>
</item>
<item>
     <link>https://dealna-de-v1-3-3806d4fcd64f.herokuapp.com/ec_products/ec_products/38/</link>
     <title>E-Commerce Dealna.de </title>
     <description>Dealna.de is a modern e-commerce platform offering a seamless shopping experience with secure payments, user-friendly navigation, and a wide range of products.</description>
     <ror:updatePeriod></ror:updatePeriod>
     <ror:sortOrder>2</ror:sortOrder>
     <ror:resourceOf>sitemap</ror:resourceOf>
</item>
<item>
     <link>https://dealna-de-v1-3-3806d4fcd64f.herokuapp.com/ec_products/ec_products/170/</link>
     <title>E-Commerce Dealna.de </title>
     <description>Dealna.de is a modern e-commerce platform offering a seamless shopping experience with secure payments, user-friendly navigation, and a wide range of products.</description>
     <ror:updatePeriod></ror:updatePeriod>
     <ror:sortOrder>2</ror:sortOrder>
     <ror:resourceOf>sitemap</ror:resourceOf>
</item>
<item>
     <link>https://dealna-de-v1-3-3806d4fcd64f.herokuapp.com/ec_products/ec_products/171/</link>
     <title>E-Commerce Dealna.de </title>
     <description>Dealna.de is a modern e-commerce platform offering a seamless shopping experience with secure payments, user-friendly navigation, and a wide range of products.</description>
     <ror:updatePeriod></ror:updatePeriod>
     <ror:sortOrder>2</ror:sortOrder>
     <ror:resourceOf>sitemap</ror:resourceOf>
</item>
<item>
     <link>https://dealna-de-v1-3-3806d4fcd64f.herokuapp.com/ec_products/ec_products/144/</link>
     <title>E-Commerce Dealna.de </title>
     <description>Dealna.de is a modern e-commerce platform offering a seamless shopping experience with secure payments, user-friendly navigation, and a wide range of products.</description>
     <ror:updatePeriod></ror:updatePeriod>
     <ror:sortOrder>2</ror:sortOrder>
     <ror:resourceOf>sitemap</ror:resourceOf>
</item>
<item>
     <link>https://dealna-de-v1-3-3806d4fcd64f.herokuapp.com/ec_products/ec_products/56/</link>
     <title>E-Commerce Dealna.de </title>
     <description>Dealna.de is a modern e-commerce platform offering a seamless shopping experience with secure payments, user-friendly navigation, and a wide range of products.</description>
     <ror:updatePeriod></ror:updatePeriod>
     <ror:sortOrder>2</ror:sortOrder>
     <ror:resourceOf>sitemap</ror:resourceOf>
</item>
<item>
     <link>https://dealna-de-v1-3-3806d4fcd64f.herokuapp.com/ec_products/ec_products/60/</link>
     <title>E-Commerce Dealna.de </title>
     <description>Dealna.de is a modern e-commerce platform offering a seamless shopping experience with secure payments, user-friendly navigation, and a wide range of products.</description>
     <ror:updatePeriod></ror:updatePeriod>
     <ror:sortOrder>2</ror:sortOrder>
     <ror:resourceOf>sitemap</ror:resourceOf>
</item>
<item>
     <link>https://dealna-de-v1-3-3806d4fcd64f.herokuapp.com/ec_products/ec_products/43/</link>
     <title>E-Commerce Dealna.de </title>
     <description>Dealna.de is a modern e-commerce platform offering a seamless shopping experience with secure payments, user-friendly navigation, and a wide range of products.</description>
     <ror:updatePeriod></ror:updatePeriod>
     <ror:sortOrder>2</ror:sortOrder>
     <ror:resourceOf>sitemap</ror:resourceOf>
</item>
<item>
     <link>https://dealna-de-v1-3-3806d4fcd64f.herokuapp.com/ec_products/ec_products/16/</link>
     <title>E-Commerce Dealna.de </title>
     <description>Dealna.de is a modern e-commerce platform offering a seamless shopping experience with secure payments, user-friendly navigation, and a wide range of products.</description>
     <ror:updatePeriod></ror:updatePeriod>
     <ror:sortOrder>2</ror:sortOrder>
     <ror:resourceOf>sitemap</ror:resourceOf>
</item>
<item>
     <link>https://dealna-de-v1-3-3806d4fcd64f.herokuapp.com/ec_products/ec_products/138/</link>
     <title>E-Commerce Dealna.de </title>
     <description>Dealna.de is a modern e-commerce platform offering a seamless shopping experience with secure payments, user-friendly navigation, and a wide range of products.</description>
     <ror:updatePeriod></ror:updatePeriod>
     <ror:sortOrder>2</ror:sortOrder>
     <ror:resourceOf>sitemap</ror:resourceOf>
</item>
<item>
     <link>https://dealna-de-v1-3-3806d4fcd64f.herokuapp.com/ec_products/ec_products/57/</link>
     <title>E-Commerce Dealna.de </title>
     <description>Dealna.de is a modern e-commerce platform offering a seamless shopping experience with secure payments, user-friendly navigation, and a wide range of products.</description>
     <ror:updatePeriod></ror:updatePeriod>
     <ror:sortOrder>2</ror:sortOrder>
     <ror:resourceOf>sitemap</ror:resourceOf>
</item>
<item>
     <link>https://dealna-de-v1-3-3806d4fcd64f.herokuapp.com/ec_products/ec_products/50/</link>
     <title>E-Commerce Dealna.de </title>
     <description>Dealna.de is a modern e-commerce platform offering a seamless shopping experience with secure payments, user-friendly navigation, and a wide range of products.</description>
     <ror:updatePeriod></ror:updatePeriod>
     <ror:sortOrder>2</ror:sortOrder>
     <ror:resourceOf>sitemap</ror:resourceOf>
</item>
<item>
     <link>https://dealna-de-v1-3-3806d4fcd64f.herokuapp.com/ec_products/ec_products/126/</link>
     <title>E-Commerce Dealna.de </title>
     <description>Dealna.de is a modern e-commerce platform offering a seamless shopping experience with secure payments, user-friendly navigation, and a wide range of products.</description>
     <ror:updatePeriod></ror:updatePeriod>
     <ror:sortOrder>2</ror:sortOrder>
     <ror:resourceOf>sitemap</ror:resourceOf>
</item>
<item>
     <link>https://dealna-de-v1-3-3806d4fcd64f.herokuapp.com/ec_products/ec_products/65/</link>
     <title>E-Commerce Dealna.de </title>
     <description>Dealna.de is a modern e-commerce platform offering a seamless shopping experience with secure payments, user-friendly navigation, and a wide range of products.</description>
     <ror:updatePeriod></ror:updatePeriod>
     <ror:sortOrder>2</ror:sortOrder>
     <ror:resourceOf>sitemap</ror:resourceOf>
</item>
<item>
     <link>https://dealna-de-v1-3-3806d4fcd64f.herokuapp.com/ec_products/ec_products/31/</link>
     <title>E-Commerce Dealna.de </title>
     <description>Dealna.de is a modern e-commerce platform offering a seamless shopping experience with secure payments, user-friendly navigation, and a wide range of products.</description>
     <ror:updatePeriod></ror:updatePeriod>
     <ror:sortOrder>2</ror:sortOrder>
     <ror:resourceOf>sitemap</ror:resourceOf>
</item>
<item>
     <link>https://dealna-de-v1-3-3806d4fcd64f.herokuapp.com/ec_products/ec_products/154/</link>
     <title>E-Commerce Dealna.de </title>
     <description>Dealna.de is a modern e-commerce platform offering a seamless shopping experience with secure payments, user-friendly navigation, and a wide range of products.</description>
     <ror:updatePeriod></ror:updatePeriod>
     <ror:sortOrder>2</ror:sortOrder>
     <ror:resourceOf>sitemap</ror:resourceOf>
</item>
<item>
     <link>https://dealna-de-v1-3-3806d4fcd64f.herokuapp.com/ec_products/ec_products/93/</link>
     <title>E-Commerce Dealna.de </title>
     <description>Dealna.de is a modern e-commerce platform offering a seamless shopping experience with secure payments, user-friendly navigation, and a wide range of products.</description>
     <ror:updatePeriod></ror:updatePeriod>
     <ror:sortOrder>2</ror:sortOrder>
     <ror:resourceOf>sitemap</ror:resourceOf>
</item>
<item>
     <link>https://dealna-de-v1-3-3806d4fcd64f.herokuapp.com/ec_products/ec_products/102/</link>
     <title>E-Commerce Dealna.de </title>
     <description>Dealna.de is a modern e-commerce platform offering a seamless shopping experience with secure payments, user-friendly navigation, and a wide range of products.</description>
     <ror:updatePeriod></ror:updatePeriod>
     <ror:sortOrder>2</ror:sortOrder>
     <ror:resourceOf>sitemap</ror:resourceOf>
</item>
<item>
     <link>https://dealna-de-v1-3-3806d4fcd64f.herokuapp.com/ec_products/ec_products/107/</link>
     <title>E-Commerce Dealna.de </title>
     <description>Dealna.de is a modern e-commerce platform offering a seamless shopping experience with secure payments, user-friendly navigation, and a wide range of products.</description>
     <ror:updatePeriod></ror:updatePeriod>
     <ror:sortOrder>2</ror:sortOrder>
     <ror:resourceOf>sitemap</ror:resourceOf>
</item>
<item>
     <link>https://dealna-de-v1-3-3806d4fcd64f.herokuapp.com/ec_products/ec_products/169/</link>
     <title>E-Commerce Dealna.de </title>
     <description>Dealna.de is a modern e-commerce platform offering a seamless shopping experience with secure payments, user-friendly navigation, and a wide range of products.</description>
     <ror:updatePeriod></ror:updatePeriod>
     <ror:sortOrder>2</ror:sortOrder>
     <ror:resourceOf>sitemap</ror:resourceOf>
</item>
<item>
     <link>https://dealna-de-v1-3-3806d4fcd64f.herokuapp.com/ec_products/ec_products/30/</link>
     <title>E-Commerce Dealna.de </title>
     <description>Dealna.de is a modern e-commerce platform offering a seamless shopping experience with secure payments, user-friendly navigation, and a wide range of products.</description>
     <ror:updatePeriod></ror:updatePeriod>
     <ror:sortOrder>2</ror:sortOrder>
     <ror:resourceOf>sitemap</ror:resourceOf>
</item>
<item>
     <link>https://dealna-de-v1-3-3806d4fcd64f.herokuapp.com/ec_products/ec_products/101/</link>
     <title>E-Commerce Dealna.de </title>
     <description>Dealna.de is a modern e-commerce platform offering a seamless shopping experience with secure payments, user-friendly navigation, and a wide range of products.</description>
     <ror:updatePeriod></ror:updatePeriod>
     <ror:sortOrder>2</ror:sortOrder>
     <ror:resourceOf>sitemap</ror:resourceOf>
</item>
<item>
     <link>https://dealna-de-v1-3-3806d4fcd64f.herokuapp.com/ec_products/ec_products/67/</link>
     <title>E-Commerce Dealna.de </title>
     <description>Dealna.de is a modern e-commerce platform offering a seamless shopping experience with secure payments, user-friendly navigation, and a wide range of products.</description>
     <ror:updatePeriod></ror:updatePeriod>
     <ror:sortOrder>2</ror:sortOrder>
     <ror:resourceOf>sitemap</ror:resourceOf>
</item>
<item>
     <link>https://dealna-de-v1-3-3806d4fcd64f.herokuapp.com/ec_products/ec_products/22/</link>
     <title>E-Commerce Dealna.de </title>
     <description>Dealna.de is a modern e-commerce platform offering a seamless shopping experience with secure payments, user-friendly navigation, and a wide range of products.</description>
     <ror:updatePeriod></ror:updatePeriod>
     <ror:sortOrder>2</ror:sortOrder>
     <ror:resourceOf>sitemap</ror:resourceOf>
</item>
<item>
     <link>https://dealna-de-v1-3-3806d4fcd64f.herokuapp.com/ec_products/ec_products/156/</link>
     <title>E-Commerce Dealna.de </title>
     <description>Dealna.de is a modern e-commerce platform offering a seamless shopping experience with secure payments, user-friendly navigation, and a wide range of products.</description>
     <ror:updatePeriod></ror:updatePeriod>
     <ror:sortOrder>2</ror:sortOrder>
     <ror:resourceOf>sitemap</ror:resourceOf>
</item>
<item>
     <link>https://dealna-de-v1-3-3806d4fcd64f.herokuapp.com/ec_products/ec_products/24/</link>
     <title>E-Commerce Dealna.de </title>
     <description>Dealna.de is a modern e-commerce platform offering a seamless shopping experience with secure payments, user-friendly navigation, and a wide range of products.</description>
     <ror:updatePeriod></ror:updatePeriod>
     <ror:sortOrder>2</ror:sortOrder>
     <ror:resourceOf>sitemap</ror:resourceOf>
</item>
<item>
     <link>https://dealna-de-v1-3-3806d4fcd64f.herokuapp.com/ec_products/ec_products/148/</link>
     <title>E-Commerce Dealna.de </title>
     <description>Dealna.de is a modern e-commerce platform offering a seamless shopping experience with secure payments, user-friendly navigation, and a wide range of products.</description>
     <ror:updatePeriod></ror:updatePeriod>
     <ror:sortOrder>2</ror:sortOrder>
     <ror:resourceOf>sitemap</ror:resourceOf>
</item>
<item>
     <link>https://dealna-de-v1-3-3806d4fcd64f.herokuapp.com/ec_products/ec_products/52/</link>
     <title>E-Commerce Dealna.de </title>
     <description>Dealna.de is a modern e-commerce platform offering a seamless shopping experience with secure payments, user-friendly navigation, and a wide range of products.</description>
     <ror:updatePeriod></ror:updatePeriod>
     <ror:sortOrder>2</ror:sortOrder>
     <ror:resourceOf>sitemap</ror:resourceOf>
</item>
<item>
     <link>https://dealna-de-v1-3-3806d4fcd64f.herokuapp.com/ec_products/ec_products/145/</link>
     <title>E-Commerce Dealna.de </title>
     <description>Dealna.de is a modern e-commerce platform offering a seamless shopping experience with secure payments, user-friendly navigation, and a wide range of products.</description>
     <ror:updatePeriod></ror:updatePeriod>
     <ror:sortOrder>2</ror:sortOrder>
     <ror:resourceOf>sitemap</ror:resourceOf>
</item>
<item>
     <link>https://dealna-de-v1-3-3806d4fcd64f.herokuapp.com/ec_products/ec_products/96/</link>
     <title>E-Commerce Dealna.de </title>
     <description>Dealna.de is a modern e-commerce platform offering a seamless shopping experience with secure payments, user-friendly navigation, and a wide range of products.</description>
     <ror:updatePeriod></ror:updatePeriod>
     <ror:sortOrder>2</ror:sortOrder>
     <ror:resourceOf>sitemap</ror:resourceOf>
</item>
<item>
     <link>https://dealna-de-v1-3-3806d4fcd64f.herokuapp.com/ec_products/ec_products/34/</link>
     <title>E-Commerce Dealna.de </title>
     <description>Dealna.de is a modern e-commerce platform offering a seamless shopping experience with secure payments, user-friendly navigation, and a wide range of products.</description>
     <ror:updatePeriod></ror:updatePeriod>
     <ror:sortOrder>2</ror:sortOrder>
     <ror:resourceOf>sitemap</ror:resourceOf>
</item>
<item>
     <link>https://dealna-de-v1-3-3806d4fcd64f.herokuapp.com/ec_products/ec_products/166/</link>
     <title>E-Commerce Dealna.de </title>
     <description>Dealna.de is a modern e-commerce platform offering a seamless shopping experience with secure payments, user-friendly navigation, and a wide range of products.</description>
     <ror:updatePeriod></ror:updatePeriod>
     <ror:sortOrder>2</ror:sortOrder>
     <ror:resourceOf>sitemap</ror:resourceOf>
</item>
<item>
     <link>https://dealna-de-v1-3-3806d4fcd64f.herokuapp.com/ec_products/ec_products/167/</link>
     <title>E-Commerce Dealna.de </title>
     <description>Dealna.de is a modern e-commerce platform offering a seamless shopping experience with secure payments, user-friendly navigation, and a wide range of products.</description>
     <ror:updatePeriod></ror:updatePeriod>
     <ror:sortOrder>2</ror:sortOrder>
     <ror:resourceOf>sitemap</ror:resourceOf>
</item>
<item>
     <link>https://dealna-de-v1-3-3806d4fcd64f.herokuapp.com/ec_products/ec_products/168/</link>
     <title>E-Commerce Dealna.de </title>
     <description>Dealna.de is a modern e-commerce platform offering a seamless shopping experience with secure payments, user-friendly navigation, and a wide range of products.</description>
     <ror:updatePeriod></ror:updatePeriod>
     <ror:sortOrder>2</ror:sortOrder>
     <ror:resourceOf>sitemap</ror:resourceOf>
</item>
<item>
     <link>https://dealna-de-v1-3-3806d4fcd64f.herokuapp.com/ec_products/ec_products/25/</link>
     <title>E-Commerce Dealna.de </title>
     <description>Dealna.de is a modern e-commerce platform offering a seamless shopping experience with secure payments, user-friendly navigation, and a wide range of products.</description>
     <ror:updatePeriod></ror:updatePeriod>
     <ror:sortOrder>2</ror:sortOrder>
     <ror:resourceOf>sitemap</ror:resourceOf>
</item>
<item>
     <link>https://dealna-de-v1-3-3806d4fcd64f.herokuapp.com/ec_products/ec_products/71/</link>
     <title>E-Commerce Dealna.de </title>
     <description>Dealna.de is a modern e-commerce platform offering a seamless shopping experience with secure payments, user-friendly navigation, and a wide range of products.</description>
     <ror:updatePeriod></ror:updatePeriod>
     <ror:sortOrder>2</ror:sortOrder>
     <ror:resourceOf>sitemap</ror:resourceOf>
</item>
<item>
     <link>https://dealna-de-v1-3-3806d4fcd64f.herokuapp.com/ec_products/ec_products/70/</link>
     <title>E-Commerce Dealna.de </title>
     <description>Dealna.de is a modern e-commerce platform offering a seamless shopping experience with secure payments, user-friendly navigation, and a wide range of products.</description>
     <ror:updatePeriod></ror:updatePeriod>
     <ror:sortOrder>2</ror:sortOrder>
     <ror:resourceOf>sitemap</ror:resourceOf>
</item>
<item>
     <link>https://dealna-de-v1-3-3806d4fcd64f.herokuapp.com/ec_products/ec_products/88/</link>
     <title>E-Commerce Dealna.de </title>
     <description>Dealna.de is a modern e-commerce platform offering a seamless shopping experience with secure payments, user-friendly navigation, and a wide range of products.</description>
     <ror:updatePeriod></ror:updatePeriod>
     <ror:sortOrder>2</ror:sortOrder>
     <ror:resourceOf>sitemap</ror:resourceOf>
</item>
<item>
     <link>https://dealna-de-v1-3-3806d4fcd64f.herokuapp.com/ec_products/ec_products/117/</link>
     <title>E-Commerce Dealna.de </title>
     <description>Dealna.de is a modern e-commerce platform offering a seamless shopping experience with secure payments, user-friendly navigation, and a wide range of products.</description>
     <ror:updatePeriod></ror:updatePeriod>
     <ror:sortOrder>2</ror:sortOrder>
     <ror:resourceOf>sitemap</ror:resourceOf>
</item>
<item>
     <link>https://dealna-de-v1-3-3806d4fcd64f.herokuapp.com/ec_products/ec_products/42/</link>
     <title>E-Commerce Dealna.de </title>
     <description>Dealna.de is a modern e-commerce platform offering a seamless shopping experience with secure payments, user-friendly navigation, and a wide range of products.</description>
     <ror:updatePeriod></ror:updatePeriod>
     <ror:sortOrder>2</ror:sortOrder>
     <ror:resourceOf>sitemap</ror:resourceOf>
</item>
<item>
     <link>https://dealna-de-v1-3-3806d4fcd64f.herokuapp.com/ec_products/ec_products/85/</link>
     <title>E-Commerce Dealna.de </title>
     <description>Dealna.de is a modern e-commerce platform offering a seamless shopping experience with secure payments, user-friendly navigation, and a wide range of products.</description>
     <ror:updatePeriod></ror:updatePeriod>
     <ror:sortOrder>2</ror:sortOrder>
     <ror:resourceOf>sitemap</ror:resourceOf>
</item>
<item>
     <link>https://dealna-de-v1-3-3806d4fcd64f.herokuapp.com/ec_products/ec_products/112/</link>
     <title>E-Commerce Dealna.de </title>
     <description>Dealna.de is a modern e-commerce platform offering a seamless shopping experience with secure payments, user-friendly navigation, and a wide range of products.</description>
     <ror:updatePeriod></ror:updatePeriod>
     <ror:sortOrder>2</ror:sortOrder>
     <ror:resourceOf>sitemap</ror:resourceOf>
</item>
<item>
     <link>https://dealna-de-v1-3-3806d4fcd64f.herokuapp.com/ec_products/ec_products/46/</link>
     <title>E-Commerce Dealna.de </title>
     <description>Dealna.de is a modern e-commerce platform offering a seamless shopping experience with secure payments, user-friendly navigation, and a wide range of products.</description>
     <ror:updatePeriod></ror:updatePeriod>
     <ror:sortOrder>2</ror:sortOrder>
     <ror:resourceOf>sitemap</ror:resourceOf>
</item>
<item>
     <link>https://dealna-de-v1-3-3806d4fcd64f.herokuapp.com/ec_products/ec_products/106/</link>
     <title>E-Commerce Dealna.de </title>
     <description>Dealna.de is a modern e-commerce platform offering a seamless shopping experience with secure payments, user-friendly navigation, and a wide range of products.</description>
     <ror:updatePeriod></ror:updatePeriod>
     <ror:sortOrder>2</ror:sortOrder>
     <ror:resourceOf>sitemap</ror:resourceOf>
</item>
<item>
     <link>https://dealna-de-v1-3-3806d4fcd64f.herokuapp.com/ec_products/ec_products/63/</link>
     <title>E-Commerce Dealna.de </title>
     <description>Dealna.de is a modern e-commerce platform offering a seamless shopping experience with secure payments, user-friendly navigation, and a wide range of products.</description>
     <ror:updatePeriod></ror:updatePeriod>
     <ror:sortOrder>2</ror:sortOrder>
     <ror:resourceOf>sitemap</ror:resourceOf>
</item>
<item>
     <link>https://dealna-de-v1-3-3806d4fcd64f.herokuapp.com/ec_products/ec_products/9/</link>
     <title>E-Commerce Dealna.de </title>
     <description>Dealna.de is a modern e-commerce platform offering a seamless shopping experience with secure payments, user-friendly navigation, and a wide range of products.</description>
     <ror:updatePeriod></ror:updatePeriod>
     <ror:sortOrder>2</ror:sortOrder>
     <ror:resourceOf>sitemap</ror:resourceOf>
</item>
<item>
     <link>https://dealna-de-v1-3-3806d4fcd64f.herokuapp.com/ec_products/ec_products/4/</link>
     <title>E-Commerce Dealna.de </title>
     <description>Dealna.de is a modern e-commerce platform offering a seamless shopping experience with secure payments, user-friendly navigation, and a wide range of products.</description>
     <ror:updatePeriod></ror:updatePeriod>
     <ror:sortOrder>2</ror:sortOrder>
     <ror:resourceOf>sitemap</ror:resourceOf>
</item>
<item>
     <link>https://dealna-de-v1-3-3806d4fcd64f.herokuapp.com/ec_products/ec_products/3/</link>
     <title>E-Commerce Dealna.de </title>
     <description>Dealna.de is a modern e-commerce platform offering a seamless shopping experience with secure payments, user-friendly navigation, and a wide range of products.</description>
     <ror:updatePeriod></ror:updatePeriod>
     <ror:sortOrder>2</ror:sortOrder>
     <ror:resourceOf>sitemap</ror:resourceOf>
</item>
<item>
     <link>https://dealna-de-v1-3-3806d4fcd64f.herokuapp.com/ec_products/ec_products/59/</link>
     <title>E-Commerce Dealna.de </title>
     <description>Dealna.de is a modern e-commerce platform offering a seamless shopping experience with secure payments, user-friendly navigation, and a wide range of products.</description>
     <ror:updatePeriod></ror:updatePeriod>
     <ror:sortOrder>2</ror:sortOrder>
     <ror:resourceOf>sitemap</ror:resourceOf>
</item>
<item>
     <link>https://dealna-de-v1-3-3806d4fcd64f.herokuapp.com/ec_products/ec_products/5/</link>
     <title>E-Commerce Dealna.de </title>
     <description>Dealna.de is a modern e-commerce platform offering a seamless shopping experience with secure payments, user-friendly navigation, and a wide range of products.</description>
     <ror:updatePeriod></ror:updatePeriod>
     <ror:sortOrder>2</ror:sortOrder>
     <ror:resourceOf>sitemap</ror:resourceOf>
</item>
<item>
     <link>https://dealna-de-v1-3-3806d4fcd64f.herokuapp.com/ec_products/ec_products/26/</link>
     <title>E-Commerce Dealna.de </title>
     <description>Dealna.de is a modern e-commerce platform offering a seamless shopping experience with secure payments, user-friendly navigation, and a wide range of products.</description>
     <ror:updatePeriod></ror:updatePeriod>
     <ror:sortOrder>2</ror:sortOrder>
     <ror:resourceOf>sitemap</ror:resourceOf>
</item>
<item>
     <link>https://dealna-de-v1-3-3806d4fcd64f.herokuapp.com/ec_products/ec_products/90/</link>
     <title>E-Commerce Dealna.de </title>
     <description>Dealna.de is a modern e-commerce platform offering a seamless shopping experience with secure payments, user-friendly navigation, and a wide range of products.</description>
     <ror:updatePeriod></ror:updatePeriod>
     <ror:sortOrder>2</ror:sortOrder>
     <ror:resourceOf>sitemap</ror:resourceOf>
</item>
<item>
     <link>https://dealna-de-v1-3-3806d4fcd64f.herokuapp.com/ec_products/ec_products/58/</link>
     <title>E-Commerce Dealna.de </title>
     <description>Dealna.de is a modern e-commerce platform offering a seamless shopping experience with secure payments, user-friendly navigation, and a wide range of products.</description>
     <ror:updatePeriod></ror:updatePeriod>
     <ror:sortOrder>2</ror:sortOrder>
     <ror:resourceOf>sitemap</ror:resourceOf>
</item>
<item>
     <link>https://dealna-de-v1-3-3806d4fcd64f.herokuapp.com/ec_products/ec_products/86/</link>
     <title>E-Commerce Dealna.de </title>
     <description>Dealna.de is a modern e-commerce platform offering a seamless shopping experience with secure payments, user-friendly navigation, and a wide range of products.</description>
     <ror:updatePeriod></ror:updatePeriod>
     <ror:sortOrder>2</ror:sortOrder>
     <ror:resourceOf>sitemap</ror:resourceOf>
</item>
<item>
     <link>https://dealna-de-v1-3-3806d4fcd64f.herokuapp.com/ec_products/ec_products/27/</link>
     <title>E-Commerce Dealna.de </title>
     <description>Dealna.de is a modern e-commerce platform offering a seamless shopping experience with secure payments, user-friendly navigation, and a wide range of products.</description>
     <ror:updatePeriod></ror:updatePeriod>
     <ror:sortOrder>2</ror:sortOrder>
     <ror:resourceOf>sitemap</ror:resourceOf>
</item>
<item>
     <link>https://dealna-de-v1-3-3806d4fcd64f.herokuapp.com/ec_products/ec_products/61/</link>
     <title>E-Commerce Dealna.de </title>
     <description>Dealna.de is a modern e-commerce platform offering a seamless shopping experience with secure payments, user-friendly navigation, and a wide range of products.</description>
     <ror:updatePeriod></ror:updatePeriod>
     <ror:sortOrder>2</ror:sortOrder>
     <ror:resourceOf>sitemap</ror:resourceOf>
</item>
<item>
     <link>https://dealna-de-v1-3-3806d4fcd64f.herokuapp.com/ec_products/ec_products/146/</link>
     <title>E-Commerce Dealna.de </title>
     <description>Dealna.de is a modern e-commerce platform offering a seamless shopping experience with secure payments, user-friendly navigation, and a wide range of products.</description>
     <ror:updatePeriod></ror:updatePeriod>
     <ror:sortOrder>2</ror:sortOrder>
     <ror:resourceOf>sitemap</ror:resourceOf>
</item>
</channel>
</rss>
  